Label,# Samples,Average,Min,Max,Std. Dev.,Error %,Throughput,Received KB/sec,Sent KB/sec,Avg. Bytes
Find All,814,11,4,154,13.26,0.000%,408.63454,2614.52,49.08,6551.8
Between,186,18,11,174,13.12,0.000%,95.09202,3266.48,13.83,35175.1
TOTAL,1000,12,4,174,13.47,0.000%,496.27792,5755.51,61.95,11875.7
