Label,# Samples,Average,Min,Max,Std. Dev.,Error %,Throughput,Received KB/sec,Sent KB/sec,Avg. Bytes
Find All,7441,106,5,189,26.12,0.000%,634.41044,4059.07,76.20,6551.7
Between,1559,111,12,204,26.17,0.000%,132.69214,4557.36,19.30,35169.7
TOTAL,9000,107,5,204,26.20,0.000%,766.02264,8609.52,95.38,11509.0
