Label,# Samples,Average,Min,Max,Std. Dev.,Error %,Throughput,Received KB/sec,Sent KB/sec,Avg. Bytes
Find All,3717,52,5,153,16.99,0.000%,583.79142,3735.19,71.83,6551.7
Between,783,61,13,132,16.32,0.000%,123.79447,4254.26,18.37,35190.2
TOTAL,4500,54,5,153,17.25,0.000%,705.32915,7945.16,89.90,11534.8
